5,1,0,4,10,10,10,0,15,0
4,1,1,4,15,11,10,0,15,0
5,5,0,0,15,11,15,0,15,0
5,0,0,4,14,10,11,1,13,0
4,1,1,5,14,10,11,0,5,0
4,0,0,4,10,10,10,0,5,0
4,1,1,4,14,11,11,0,13,0
5,5,1,4,14,10,11,1,13,0
5,0,1,4,15,10,10,5,5,0
5,1,0,4,15,11,10,1,15,0
4,0,0,5,14,11,11,0,15,0
0,5,0,4,14,10,10,0,13,0
5,5,0,0,15,11,10,0,5,0
5,1,0,4,14,15,15,0,13,0
4,1,1,4,15,10,10,1,13,0
5,5,0,5,14,10,10,0,13,0
5,0,0,0,14,10,15,0,13,0
5,1,0,0,14,10,10,1,15,0
5,1,0,4,14,10,11,1,15,0
4,5,0,4,14,11,10,0,13,0
5,0,0,5,14,10,10,1,13,0
5,1,0,0,15,10,11,0,13,0
4,1,0,4,14,10,10,1,15,0
5,0,1,5,14,11,11,1,13,0
5,1,0,4,14,10,11,0,15,0
4,1,0,4,14,10,11,0,15,0
5,1,0,5,10,11,11,1,15,0
5,1,1,5,15,10,10,5,13,0
4,1,1,4,15,11,10,1,13,0
5,5,0,4,14,10,10,1,13,0
5,1,0,4,15,10,10,0,15,0
5,1,0,5,15,11,10,5,5,0
4,0,0,0,14,10,10,0,15,0
5,1,0,5,15,11,10,0,5,0
4,5,1,4,14,10,11,1,13,0
4,1,1,4,15,15,10,0,15,0
5,0,0,4,15,10,11,0,13,0
5,1,0,5,15,10,11,1,13,0
5,5,0,4,14,11,10,0,13,0
5,0,0,4,15,10,10,1,15,0
5,1,0,0,14,10,10,0,13,0
5,1,0,4,15,10,11,0,15,0
4,0,0,5,10,11,15,5,5,0
5,0,0,4,10,10,11,0,13,0
5,1,0,4,15,10,10,1,5,0
4,1,1,4,14,11,11,0,13,0
0,1,0,4,14,10,10,1,13,0
5,1,1,4,15,11,10,0,15,0
5,5,0,4,15,10,11,0,13,0
4,1,0,4,15,11,10,0,15,0
0,1,1,0,15,10,11,0,15,0
5,1,0,0,15,10,10,0,13,0
5,5,0,4,14,10,15,5,15,0
4,1,0,4,15,10,11,0,13,0
0,1,0,4,15,10,10,0,13,0
5,0,1,5,15,15,10,1,13,0
5,0,1,5,15,10,10,0,13,0
4,1,0,4,10,10,10,0,15,0
4,1,0,0,15,11,11,0,5,0
5,1,0,4,15,11,10,0,15,0
5,1,0,4,15,10,10,0,15,0
4,1,1,0,10,10,10,0,13,0
5,5,1,4,15,11,10,1,13,0
5,0,1,4,15,11,10,1,15,0
5,1,1,4,15,10,10,0,13,0
5,1,1,5,14,10,10,0,15,0
5,0,0,0,15,11,15,0,15,0
5,1,0,0,14,10,11,1,13,0
5,1,0,0,10,15,10,0,15,0
5,1,0,0,10,10,10,0,13,0
5,5,0,4,14,10,10,0,15,0
0,0,0,0,15,11,15,0,13,0
5,0,0,4,15,10,10,1,15,0
4,0,1,0,14,11,10,1,13,0
4,1,1,4,10,11,10,0,15,0
4,0,0,4,10,10,11,1,15,0
0,1,1,4,14,10,10,0,15,0
5,1,0,4,14,10,10,0,13,0
4,1,1,5,14,11,10,0,13,0
5,1,0,0,15,10,10,0,5,0
0,0,0,5,14,10,11,1,13,0
0,1,0,4,15,10,10,0,5,0
5,5,0,5,10,10,11,0,13,0
5,0,0,5,10,10,10,5,13,0
0,1,1,0,10,15,11,1,15,0
5,0,0,4,14,10,10,0,15,0
5,1,1,4,15,10,10,0,15,0
5,1,0,4,15,11,10,0,15,0
5,0,0,4,15,10,11,0,13,0
0,1,1,4,14,11,10,0,15,0
5,1,1,4,15,15,10,0,13,0
5,1,0,0,14,10,11,1,13,0
5,1,0,5,15,10,11,0,13,0
5,0,0,0,15,11,10,0,15,0
5,0,0,4,15,11,10,0,5,0
4,0,1,4,14,10,10,0,13,0
5,0,0,4,15,11,10,0,13,0
5,5,0,4,15,10,10,0,15,0
4,1,0,5,15,10,10,0,13,0
5,0,1,0,14,11,10,0,13,0
5,0,0,0,15,10,10,0,15,0
4,0,0,5,15,10,11,0,5,0
5,1,1,5,15,11,11,1,15,0
4,1,0,5,15,10,10,0,15,0
5,1,0,4,14,10,10,1,15,0
5,1,1,4,15,10,10,0,15,0
4,1,1,4,15,11,10,0,15,0
4,1,0,4,15,11,10,0,15,0
5,5,0,4,14,11,10,0,15,0
5,1,0,4,14,10,10,0,15,0
5,0,0,4,15,10,10,1,5,0
5,1,0,4,15,11,11,1,13,0
5,1,0,5,15,10,10,0,13,0
5,1,0,4,14,10,10,0,5,0
4,1,0,0,15,10,10,0,15,0
4,1,1,4,14,10,11,0,15,0
4,0,5,4,15,11,10,1,13,0
4,1,0,4,14,10,10,0,13,0
5,1,0,4,15,10,10,0,15,0
5,0,0,5,14,10,10,0,13,0
4,0,0,4,14,10,10,1,13,0
0,1,1,5,15,11,10,0,13,0
5,1,0,0,14,10,10,1,13,0
4,1,0,5,14,10,10,0,13,0
5,1,1,5,15,10,11,0,15,0
5,0,0,4,14,11,10,1,13,0
5,0,0,4,10,10,11,0,5,0
4,1,1,5,14,10,10,0,15,0
5,1,0,4,15,11,10,0,15,0
5,0,0,0,15,10,10,1,5,0
4,5,0,0,15,10,10,0,15,0
5,5,0,4,14,11,10,0,13,0
4,0,0,0,14,10,11,0,15,0
5,1,0,5,15,11,10,1,5,0
4,0,0,4,15,10,10,0,5,0
5,0,0,5,14,11,10,0,15,0
5,1,0,4,14,10,10,0,15,0
4,1,1,5,15,10,10,1,13,0
5,5,1,5,14,11,10,1,15,0
5,5,1,4,10,10,10,0,13,0
5,5,1,4,14,10,10,0,15,0
5,5,0,5,14,10,10,1,13,0
5,1,0,5,14,10,11,1,13,0
4,1,1,0,15,11,11,1,13,0
4,0,0,4,15,10,15,0,15,0
5,1,0,5,14,10,10,0,13,0
5,0,0,5,15,10,11,0,15,0
5,1,1,0,10,11,11,1,13,0
5,0,0,4,15,11,10,0,15,0
4,1,1,0,15,11,10,0,13,0
5,1,1,4,14,11,11,0,15,0
4,1,0,5,15,11,10,0,15,0
0,1,0,5,15,10,10,0,13,0
4,0,1,4,14,11,10,0,15,0
5,0,0,0,15,11,10,1,5,0
4,1,1,4,15,10,10,0,13,0
5,5,0,0,15,11,10,0,13,0
4,0,1,4,14,15,10,5,5,0
5,1,0,0,14,10,10,0,15,0
5,5,0,0,15,10,10,1,13,0
5,0,0,4,10,10,11,1,5,0
5,0,1,4,14,10,10,0,13,0
5,0,0,4,15,10,15,1,15,0
5,1,0,5,15,11,10,0,15,0
5,0,0,0,15,10,10,0,13,0
5,0,0,0,14,10,10,1,13,0
5,0,0,4,14,11,10,0,15,0
5,5,0,4,15,10,11,0,15,0
5,1,0,4,14,15,10,1,15,0
5,1,0,0,14,11,10,1,15,0
4,5,0,4,14,10,10,5,5,0
5,1,0,0,15,10,11,1,13,0
4,0,0,4,15,10,10,0,13,0
5,1,1,0,15,11,10,0,15,0
5,0,0,4,15,10,10,0,13,0
5,1,0,5,15,11,10,0,15,0
0,5,5,4,14,15,11,0,13,0
5,0,1,4,15,10,10,0,13,0
5,0,1,4,14,11,10,1,13,0
5,1,0,4,15,11,11,0,15,0
5,1,1,0,15,11,10,0,13,0
5,0,0,4,14,11,10,0,15,0
5,5,0,5,14,11,10,0,13,0
5,1,0,5,10,10,10,0,13,0
4,1,1,0,15,11,11,1,13,0
5,1,0,5,10,11,10,5,13,0
5,1,0,4,14,10,10,0,5,0
4,1,0,4,14,11,10,0,15,0
5,0,0,0,14,15,11,0,15,0
5,5,0,4,14,10,10,0,13,0
4,1,0,4,14,11,10,0,13,0
5,0,0,5,15,10,11,1,13,0
4,5,0,4,14,11,10,0,15,0
0,1,0,5,15,11,10,1,15,0
5,1,0,0,14,10,10,1,13,0
5,1,0,0,14,10,11,0,15,0
5,0,0,4,10,10,10,0,15,0
4,0,0,4,15,10,10,0,15,0
4,0,0,4,14,10,11,0,15,0
5,1,0,5,15,10,10,1,13,0
4,1,0,0,15,11,10,1,5,0
5,5,1,5,15,10,10,0,15,0
4,1,0,5,14,10,10,1,13,0
5,1,0,4,10,10,11,0,13,0
4,0,0,4,10,10,11,0,15,0
5,1,0,0,14,10,10,0,13,0
4,1,0,5,10,10,10,0,13,0
5,1,0,5,14,10,11,0,13,0
5,1,0,4,15,10,11,0,15,0
5,5,1,4,14,11,11,1,13,0
5,1,0,5,15,10,11,1,13,0
5,1,1,4,14,11,11,1,13,0
5,1,0,5,15,10,10,1,5,0
4,1,0,0,15,10,10,0,15,0
4,1,0,4,14,11,10,1,15,0
5,1,0,5,14,11,10,0,15,0
4,1,0,4,14,11,10,1,15,0
5,1,0,5,14,10,11,0,15,0
5,1,5,4,15,11,11,0,15,0
5,1,0,0,14,10,10,1,15,0
5,0,0,5,15,11,10,1,15,0
5,0,1,5,14,11,10,5,5,0
4,0,0,4,14,10,10,0,15,0
5,1,0,5,14,11,10,5,13,0
5,1,0,4,15,15,10,0,15,0
5,0,0,4,15,10,10,1,15,0
5,1,1,4,15,10,10,0,15,0
4,1,0,5,10,10,10,0,15,0
4,1,0,4,10,11,11,0,15,0
5,5,0,5,15,10,10,0,13,0
4,1,1,4,14,10,10,0,5,0
4,5,0,4,15,10,10,0,15,0
5,0,0,4,14,10,10,1,15,0
5,1,0,4,14,11,10,5,13,0
5,1,1,0,14,11,10,0,15,0
5,0,0,5,15,10,10,0,15,0
5,1,0,4,15,10,10,0,15,0
5,0,1,5,14,11,10,0,13,0
5,1,0,5,15,10,10,1,15,0
5,0,1,5,15,10,10,0,15,0
5,5,0,0,14,10,10,1,13,0
5,0,0,4,15,10,10,0,15,0
4,0,0,4,14,11,10,0,15,0
5,1,0,4,15,11,10,1,13,0
4,5,1,5,14,11,10,0,13,0
4,0,1,0,10,11,11,0,15,0
5,0,0,4,10,10,11,1,15,0
5,5,1,4,14,10,10,0,15,0
5,0,0,4,15,11,10,0,13,0
5,1,0,4,10,11,11,0,15,0
5,1,1,4,15,11,10,1,13,0
5,1,1,4,15,10,10,0,15,0
5,1,0,4,14,10,10,0,15,0
5,0,0,4,15,10,10,0,13,0
4,0,0,5,15,10,10,5,13,0
4,1,1,4,14,10,10,0,13,0
5,0,0,5,15,10,11,1,13,0
5,5,0,5,10,10,11,0,15,0
5,5,1,4,10,11,10,1,13,0
5,1,0,0,15,10,10,0,5,0
5,1,0,4,14,10,10,0,13,0
4,0,1,4,14,11,10,5,5,0
5,5,0,5,15,10,10,0,15,0
5,5,0,4,14,10,11,0,13,0
5,1,0,4,14,11,10,1,15,0
4,1,0,4,14,10,10,5,5,0
5,5,0,4,15,10,10,0,15,0
5,0,0,4,14,10,11,0,15,0
5,5,0,5,15,11,11,0,13,0
5,0,0,4,15,10,11,1,5,0
5,5,0,4,14,11,10,0,13,0
5,5,0,4,15,10,10,0,13,0
5,1,1,0,15,11,10,0,13,0
4,5,0,4,15,10,11,0,13,0
5,0,0,5,15,10,10,1,15,0
5,0,0,4,15,11,10,1,15,0
4,0,0,0,14,11,11,0,15,0
5,1,0,0,14,11,10,1,15,0
5,5,1,4,10,10,10,1,13,0
5,1,1,5,14,15,11,0,5,0
5,5,1,0,15,11,11,1,15,0
4,1,1,0,15,10,11,0,13,0
5,5,0,4,15,10,10,0,15,0
4,1,0,4,14,10,11,5,15,0
0,0,0,4,15,10,11,0,5,0
5,5,1,4,14,11,11,1,15,0
5,1,1,4,15,10,10,1,15,0
5,1,0,4,14,10,11,0,15,0
5,1,1,4,15,10,10,0,13,0
5,5,0,4,14,10,10,0,15,0
5,1,0,5,15,11,10,0,15,0
4,1,0,0,15,11,11,1,13,0
5,0,0,5,15,10,11,1,13,0
4,1,0,4,14,10,10,0,13,0
4,1,0,5,10,10,10,5,13,0
5,0,0,4,14,10,10,0,15,0
5,0,5,4,15,10,10,0,15,0
5,1,0,5,14,10,10,0,5,0
5,1,0,4,14,10,10,1,5,0
5,0,0,0,14,10,10,5,15,0
5,0,1,4,10,10,11,0,15,0
5,0,0,5,10,10,11,5,5,0
4,1,0,4,15,10,10,1,15,0
4,1,0,5,14,10,11,0,13,0
5,1,0,5,14,10,11,0,15,0
5,0,0,4,14,11,10,0,13,0
5,0,0,4,14,10,11,1,15,0
5,5,0,4,15,11,11,0,15,0
4,1,0,0,15,10,10,0,15,0
4,1,0,5,15,10,10,1,15,0
4,0,1,4,14,10,10,1,5,0
5,1,0,0,15,10,11,1,15,0
5,1,1,5,15,11,11,0,13,0
0,1,0,0,14,10,10,0,13,0
5,1,0,0,10,10,11,0,15,0
5,1,1,4,15,10,10,0,15,0
5,1,1,5,14,11,15,1,13,0
5,1,1,4,15,10,11,0,15,0
5,0,1,5,15,15,11,1,15,0
5,0,0,5,15,15,11,0,15,0
5,0,0,4,15,10,11,0,15,0
4,0,0,5,14,10,10,0,15,0
5,1,0,5,15,10,10,5,15,0
5,1,0,4,14,11,10,0,15,0
4,0,0,4,15,11,10,0,13,0
5,0,1,5,14,11,10,1,15,0
0,1,0,4,14,11,10,0,15,0
4,1,0,5,14,10,11,0,15,0
5,0,0,0,14,10,10,5,13,0
4,5,0,4,14,15,10,0,15,0
5,1,1,4,10,10,11,0,5,0
4,0,1,0,15,15,10,0,15,0
5,5,0,5,15,10,11,1,15,0
4,5,1,4,14,10,11,0,15,0
5,0,0,4,14,10,11,0,13,0
4,0,1,5,15,10,10,5,15,0
5,1,1,4,10,11,11,0,5,0
5,0,1,5,14,15,10,1,13,0
4,1,0,0,14,10,10,0,13,0
5,1,1,4,15,10,11,1,15,0
5,0,0,4,14,11,10,0,15,0
5,5,1,0,10,10,10,0,15,0
5,1,5,5,14,11,10,0,13,0
5,1,0,5,15,11,10,0,13,0
5,1,0,0,14,11,10,1,13,0
5,5,0,0,15,10,11,0,13,0
5,0,0,4,14,10,10,0,5,0
5,1,0,4,15,11,11,1,13,0
5,0,1,0,14,11,11,1,15,0
5,1,0,4,15,10,10,5,5,0
5,1,1,0,10,11,11,1,5,0
4,5,1,4,15,10,11,0,15,0
5,1,1,0,15,10,10,0,13,0
5,5,0,4,15,10,10,0,15,0
5,0,0,5,15,10,10,1,13,0
5,0,0,4,14,11,11,0,15,0
5,0,0,4,15,11,10,0,13,0
5,1,0,4,15,10,10,1,15,0
5,1,5,4,14,11,11,1,15,0
4,0,0,5,14,10,10,0,5,0
5,1,0,4,14,10,15,5,15,0
4,0,0,4,15,10,10,1,5,0
5,0,0,4,15,10,10,0,15,0
5,1,0,4,14,11,11,0,15,0
5,0,0,0,15,10,10,0,15,0
0,1,0,4,14,10,10,0,13,0
5,1,0,4,14,10,10,0,13,0
5,5,0,4,10,10,10,0,13,0
5,1,1,4,14,10,10,0,15,0
4,5,0,5,14,11,10,0,13,0
4,5,0,0,14,10,11,1,15,0
4,1,5,5,15,10,10,0,15,0
5,5,0,4,15,10,11,0,13,0
5,5,0,0,10,10,11,1,13,0
0,1,0,4,15,10,10,0,15,0
5,5,0,5,14,10,10,0,15,0
5,1,0,4,15,11,11,0,15,0
5,1,0,0,14,11,10,1,15,0
5,5,1,5,15,10,11,1,13,0
0,5,1,4,15,10,10,0,15,0
5,0,1,4,15,10,10,0,5,0
5,0,0,5,15,15,10,1,5,0
5,1,0,5,15,10,10,0,15,0
5,0,0,4,15,10,10,5,13,0
4,1,1,4,15,10,11,0,13,0
5,1,0,4,14,11,10,0,15,0
5,1,0,0,14,11,10,0,15,0
4,1,0,4,14,11,11,1,13,0
5,1,0,5,15,15,11,5,5,0
5,0,0,5,15,11,10,1,15,0
4,0,0,5,14,10,10,0,13,0
5,1,0,4,15,10,10,0,15,0
5,1,1,4,14,11,10,0,15,0
5,0,0,4,15,10,10,0,13,0
4,1,1,5,15,10,11,5,5,0
4,5,0,4,15,11,10,0,15,0
4,5,1,4,15,15,11,1,15,0
4,1,0,4,15,10,10,1,15,0
4,1,1,5,15,10,11,0,13,0
5,0,0,4,14,10,10,0,13,0
5,0,0,0,15,11,10,1,13,0
5,5,0,4,15,11,10,0,15,0
5,0,0,5,15,10,11,1,15,0
5,0,0,4,10,15,10,1,15,0
5,1,0,4,14,11,11,1,5,0
5,0,0,5,15,11,10,0,5,0
4,5,1,4,15,10,10,0,15,0
4,0,0,4,14,11,10,1,13,0
5,5,0,4,14,10,11,1,15,0
4,1,0,4,10,10,10,1,5,0
5,0,1,4,15,11,10,1,15,0
4,1,0,5,14,10,11,0,15,0
5,1,0,4,15,10,11,1,15,0
5,1,0,4,15,11,10,0,13,0
5,1,0,4,15,10,10,0,13,0
5,1,1,5,14,10,11,1,13,0
4,1,0,4,15,10,10,0,15,0
5,5,0,5,15,10,10,0,13,0
5,5,1,4,14,10,15,0,13,0
5,5,0,5,14,10,10,5,15,0
4,0,0,4,14,10,10,1,5,0
4,1,0,4,15,10,15,0,15,0
5,0,0,5,15,10,11,0,15,0
5,1,1,4,10,11,11,0,15,0
5,0,0,5,14,10,11,0,15,0
5,5,0,4,15,11,11,0,13,0
5,1,0,4,14,10,11,0,15,0
4,0,0,5,15,10,10,1,15,0
4,0,1,0,14,11,11,0,15,0
5,0,1,5,15,10,10,0,13,0
4,0,0,4,15,10,10,1,5,0
5,1,0,4,15,10,10,0,15,0
5,5,1,4,14,10,10,5,13,0
5,1,0,5,14,10,10,0,15,0
5,0,0,5,14,10,10,1,5,0
0,1,1,4,10,11,11,1,13,0
4,1,0,5,14,11,10,0,13,0
4,5,0,4,15,11,11,0,5,0
0,1,0,4,15,11,10,0,13,0
4,1,1,5,15,10,10,0,15,0
4,5,0,4,14,10,11,0,13,0
5,0,0,0,14,11,10,0,15,0
5,1,1,0,14,11,11,0,13,0
5,5,1,4,15,11,11,0,5,0
4,1,0,0,14,10,11,0,15,0
4,0,0,4,15,10,10,0,15,0
5,5,5,4,15,10,10,0,13,0
5,5,0,4,14,10,11,5,13,0
5,1,0,4,15,10,10,1,13,0
4,5,1,0,10,11,10,1,13,0
4,0,0,5,15,10,15,0,13,0
4,1,1,4,14,11,11,1,13,0
5,1,0,4,15,10,10,1,5,0
4,5,0,4,14,11,10,1,13,0
5,1,0,5,15,10,11,1,15,0
5,1,0,0,15,10,15,0,15,0
4,5,0,4,14,11,11,1,13,0
5,0,0,5,14,11,11,1,15,0
5,1,0,4,15,11,10,0,15,0
4,0,0,0,15,10,10,1,13,0
5,5,0,4,15,10,11,1,15,0
4,1,1,0,15,11,10,0,13,0
5,5,0,4,14,11,11,1,5,0
0,0,0,0,14,10,10,0,15,0
0,1,1,5,14,10,11,0,15,0
4,1,0,4,14,10,10,0,15,0
5,5,0,4,15,15,11,0,15,0
5,1,0,4,14,11,15,0,13,0
5,0,0,4,15,11,10,5,13,0
5,1,0,4,15,10,10,0,15,0
5,0,1,4,15,10,10,5,5,0
4,0,0,0,15,11,11,1,13,0
4,1,0,0,14,10,11,1,15,0
4,1,1,0,14,10,10,0,15,0
5,5,1,4,15,10,10,0,15,0
5,5,1,0,14,11,11,0,13,0
4,0,0,4,14,10,10,0,13,0
4,5,0,4,14,15,11,0,15,0
5,1,1,0,14,11,10,0,15,0
5,0,0,5,14,10,11,1,13,0
5,1,0,0,14,10,10,0,15,0
5,1,0,4,10,11,11,0,15,0
4,5,1,0,15,11,10,0,13,0
4,5,1,5,14,10,11,0,15,0
4,1,0,0,15,11,10,0,13,0
4,1,0,4,10,11,15,0,13,0
4,1,0,4,15,10,11,0,15,0
5,5,1,5,14,10,10,0,13,0
5,0,1,5,14,10,10,0,15,0
0,1,1,4,14,10,10,1,5,0
4,0,0,0,15,10,11,0,15,0
4,0,0,4,14,10,10,1,15,0
5,5,0,4,15,11,10,5,15,0
5,0,0,5,15,10,10,0,15,0
4,1,0,4,14,10,11,0,13,0
4,1,0,0,15,10,11,5,13,0
5,1,1,4,15,10,10,1,13,0
5,1,0,5,15,11,10,1,15,0
0,1,0,0,15,11,10,1,13,0
5,0,0,5,15,10,10,0,13,0
5,5,1,0,14,10,10,0,13,1
4,1,0,5,10,11,11,1,15,1
5,1,0,4,15,10,10,1,13,1
4,1,0,4,14,11,10,0,15,1
5,1,0,5,14,11,11,0,13,1
5,1,0,5,15,10,10,0,15,1
5,1,0,0,14,10,11,0,15,1
4,5,0,4,10,11,10,1,5,1
4,0,0,4,15,11,10,0,13,1
5,1,1,5,15,11,10,0,15,1
5,0,0,4,15,10,10,0,13,1
5,0,0,5,14,11,10,0,13,1
5,1,1,4,14,11,11,0,15,1
5,5,0,5,14,10,10,0,15,1
4,5,0,0,10,11,10,1,13,1
5,0,0,5,14,10,11,1,15,1
5,0,0,5,14,11,11,5,15,1
5,1,0,4,14,11,11,0,15,1
4,1,0,0,15,10,11,1,15,1
5,5,0,4,14,10,10,1,15,1
5,1,0,0,15,10,10,1,5,1
5,1,0,4,14,11,10,0,15,1
5,1,0,4,15,11,10,0,15,1
5,5,1,5,10,10,11,1,13,1
4,0,0,4,15,11,10,0,15,1
4,1,0,4,14,11,11,0,13,1
5,0,1,5,15,10,10,0,13,1
5,0,0,4,14,10,11,0,15,1
4,1,1,0,14,11,11,1,15,1
4,1,0,5,15,11,10,1,13,1
5,0,1,4,10,10,10,0,13,1
4,1,0,4,14,11,11,0,15,1
5,1,1,4,14,10,11,1,13,1
4,1,0,0,15,10,10,1,15,1
5,1,0,4,10,10,11,1,5,1
5,0,0,4,15,10,10,1,13,1
4,0,0,4,15,11,10,0,15,1
4,0,0,5,14,11,10,1,15,1
4,1,0,5,14,11,10,0,15,1
5,0,0,5,15,10,10,1,5,1
5,1,0,5,14,10,11,1,15,1
5,0,0,5,14,11,11,0,15,1
5,1,0,0,15,10,10,1,13,1
5,1,0,5,15,11,10,0,15,1
4,0,0,4,14,11,10,1,5,1
5,0,0,5,15,10,11,0,15,1
4,0,0,4,15,10,11,0,15,1
5,0,1,4,15,10,10,1,13,1
5,5,0,5,15,10,11,0,15,1
5,1,0,5,15,10,10,0,5,1
5,1,0,0,10,11,11,0,13,1
4,1,1,4,15,11,10,0,5,1
5,1,0,5,10,11,11,0,15,1
4,0,1,4,14,11,10,0,13,1
5,1,0,5,15,10,11,0,15,1
5,1,1,4,15,11,10,0,13,1
5,5,0,4,14,10,15,0,13,1
5,1,0,0,15,11,10,0,15,1
4,1,1,0,10,15,11,0,13,1
5,1,0,4,15,10,10,1,15,1
5,0,0,5,15,10,11,0,5,1
4,0,0,5,10,11,10,0,5,1
4,0,1,5,14,10,10,0,13,1
5,1,1,4,15,10,10,1,15,1
4,0,0,0,14,10,15,1,5,1
5,1,0,4,14,10,10,5,5,1
4,1,0,4,14,10,10,1,15,1
4,0,0,4,15,11,10,1,15,1
4,1,0,4,15,11,11,0,13,1
5,1,0,4,15,10,10,0,13,1
4,1,0,4,14,11,11,0,15,1
5,0,0,4,14,10,10,1,13,1
5,1,1,4,14,11,10,0,13,1
4,1,0,5,14,10,10,1,15,1
5,1,0,4,14,10,10,0,13,1
0,5,1,4,15,11,11,0,15,1
5,0,0,0,14,10,10,0,13,1
5,5,0,0,14,11,10,1,15,1
5,0,0,0,14,11,10,0,15,1
4,1,0,4,14,11,11,0,15,1
5,1,1,0,15,10,11,0,15,1
5,0,0,4,10,10,10,0,15,1
5,0,0,4,14,10,10,0,13,1
5,0,0,4,14,11,10,0,15,1
4,0,1,5,14,11,10,0,13,1
5,1,0,5,15,10,10,1,15,1
5,0,0,4,14,10,11,0,13,1
0,1,0,4,15,10,11,0,15,1
5,5,1,4,15,11,11,0,15,1
5,0,5,0,14,10,10,0,15,1
0,1,0,0,15,10,10,0,13,1
4,1,0,4,14,11,10,0,13,1
4,5,0,0,15,11,10,1,15,1
5,1,0,5,14,10,10,0,5,1
5,5,0,4,15,10,10,0,15,1
4,1,0,5,10,10,11,1,15,1
5,1,0,0,14,11,10,1,15,1
5,1,0,0,14,10,10,0,15,1
5,0,0,0,15,10,10,1,15,1
5,1,1,4,15,10,10,0,13,1
4,0,0,5,15,10,10,1,15,1
4,1,0,4,14,10,10,0,15,1
5,5,1,4,15,10,10,0,15,1
5,1,0,0,15,11,11,0,15,1
5,5,0,5,14,10,10,0,15,1
4,0,0,5,10,10,10,0,13,1
4,5,5,0,14,10,15,0,13,1
5,0,0,4,15,10,10,5,13,1
5,0,0,5,15,11,10,0,15,1
5,0,0,0,10,10,10,1,5,1
4,1,0,5,14,15,10,0,5,1
5,1,0,4,14,10,10,0,15,1
5,0,0,5,14,11,10,1,13,1
4,0,0,5,15,10,10,0,15,1
4,0,0,5,14,11,10,0,13,1
4,5,0,4,15,10,10,5,15,1
5,0,0,5,15,10,10,0,15,1
5,5,1,0,14,15,10,1,13,1
5,1,0,0,14,10,10,1,13,1
4,1,1,4,14,11,15,0,15,1
5,1,0,4,15,11,11,0,13,1
4,0,0,5,10,11,10,1,5,1
4,0,0,4,14,10,10,1,15,1
5,5,0,0,14,10,11,0,15,1
5,1,0,0,15,11,10,0,15,1
5,5,0,5,14,10,10,0,15,1
4,1,1,5,15,10,11,5,5,1
4,1,0,4,14,10,11,0,13,1
4,1,1,0,15,11,10,0,15,1
4,0,1,4,15,10,10,0,13,1
5,0,0,5,15,10,10,0,15,1
5,1,1,5,15,10,11,0,15,1
5,1,1,5,14,10,10,1,15,1
5,5,0,5,14,10,10,0,15,1
0,0,0,4,15,10,11,5,13,1
5,0,1,5,15,10,10,0,13,1
5,1,0,4,15,10,10,0,15,1
4,1,1,4,15,10,10,0,13,1
5,1,0,5,15,10,10,1,13,1
4,0,0,4,15,10,11,0,15,1
4,5,0,5,14,15,10,0,15,1
5,5,0,5,15,10,11,0,15,1
4,1,1,0,10,10,11,0,13,1
4,1,1,0,14,11,10,1,15,1
5,5,0,0,14,11,10,1,13,1
4,5,5,4,10,10,11,0,15,1
5,1,1,5,14,11,10,0,5,1
5,1,1,4,15,10,10,1,15,1
5,5,1,0,14,10,10,0,5,1
4,1,1,5,15,10,10,0,15,1
5,1,0,4,15,10,10,1,5,1
5,5,0,4,15,10,10,0,15,1
5,0,0,4,14,10,10,1,13,1
5,0,1,0,10,10,15,0,5,1
5,1,1,4,10,10,11,0,13,1
4,1,5,5,14,15,11,1,15,1
5,1,0,4,15,10,10,0,13,1
5,1,1,4,14,11,11,0,13,1
4,0,0,4,15,10,10,0,15,1
5,1,0,4,15,15,11,0,15,1
4,5,1,4,14,10,10,0,5,1
5,1,0,4,15,11,10,0,15,1
5,1,0,4,15,10,11,0,15,1
5,1,0,4,14,10,10,5,13,1
4,5,0,5,15,10,11,0,13,1
5,1,1,0,14,11,11,1,13,1
0,5,1,4,15,10,10,0,15,1
4,0,0,4,14,10,11,0,15,1
5,1,0,4,15,10,11,0,15,1
5,1,1,4,14,10,11,1,13,1
5,1,0,0,15,11,10,0,13,1
5,0,0,4,15,11,10,5,13,1
5,0,0,5,15,10,10,0,13,1
5,0,0,4,15,15,10,5,13,1
5,1,1,4,15,10,11,0,15,1
5,1,0,0,15,10,10,0,13,1
4,5,1,4,15,11,11,0,5,1
5,5,1,4,15,11,11,1,13,1
5,0,0,0,15,10,10,0,13,1
5,0,1,5,15,10,10,0,5,1
4,1,1,4,14,10,10,0,15,1
5,1,0,0,14,10,10,5,13,1
5,5,1,0,15,11,11,1,5,1
5,0,0,4,10,10,11,0,15,1
5,0,1,5,14,10,11,1,15,1
5,5,0,4,14,10,11,0,13,1
5,5,0,5,15,10,10,0,13,1
4,1,0,5,14,10,10,0,15,1
5,0,1,4,14,10,10,0,13,1
5,1,0,4,14,10,10,0,13,1
5,1,0,5,14,10,10,1,13,1
5,1,1,5,15,11,10,1,15,1
0,0,0,4,15,10,10,1,13,1
5,0,0,5,14,10,11,1,13,1
5,0,0,4,14,10,10,1,13,1
5,1,0,4,14,11,10,0,15,1
5,0,1,4,15,10,10,1,13,1
5,0,0,4,10,11,10,0,13,1
5,1,0,4,14,10,10,0,13,1
4,5,1,0,10,10,11,0,15,1
5,0,0,4,15,11,10,0,13,1
4,1,0,4,15,10,10,1,5,1
5,0,1,4,15,10,10,1,15,1
5,0,0,5,15,10,10,0,13,1
4,5,1,0,15,10,11,1,15,1
4,1,0,4,14,10,10,0,13,1
5,1,0,5,15,10,10,1,15,1
0,0,0,5,14,10,11,0,13,1
5,1,0,0,14,10,10,0,13,1
4,5,1,0,14,15,10,0,15,1
5,1,0,0,15,10,10,1,13,1
5,0,0,4,14,10,11,1,13,1
5,0,1,0,14,11,10,1,15,1
5,0,1,0,15,11,10,0,13,1
4,0,0,4,14,11,10,1,13,1
5,0,0,0,15,11,10,0,5,1
5,0,5,4,14,15,10,1,13,1
0,1,0,0,14,11,10,0,13,1
4,5,0,4,14,10,10,0,15,1
4,1,1,5,10,10,10,0,15,1
5,5,1,4,14,11,11,1,15,1
4,0,0,0,14,10,11,1,13,1
5,5,0,0,14,10,10,5,13,1
5,5,0,4,10,10,10,0,5,1
4,1,0,5,15,10,10,0,15,1
5,1,0,4,15,10,10,1,15,1
5,0,0,4,15,11,10,0,15,1
5,0,1,5,15,11,10,0,13,1
5,1,0,0,14,11,10,0,15,1
4,1,1,0,14,10,10,0,15,1
5,5,0,4,15,10,10,1,5,1
5,5,0,5,15,10,11,0,15,1
5,5,0,4,15,10,11,0,13,1
5,1,0,4,10,10,10,0,13,1
5,1,0,5,14,10,10,1,15,1
5,1,0,4,14,10,10,0,13,1
5,1,0,4,10,10,11,1,15,1
5,1,1,4,15,10,11,0,13,1
5,0,0,5,14,11,10,1,13,1
4,5,0,4,15,11,10,0,15,1
4,1,1,0,14,11,10,0,15,1
5,0,0,4,15,11,10,0,13,1
5,5,0,4,15,10,11,1,13,1
5,5,0,4,14,11,10,0,15,1
4,1,0,4,15,11,11,0,15,1
5,1,0,5,10,11,10,0,15,1
5,5,1,5,15,11,10,1,13,1
5,1,0,5,15,11,11,5,13,1
5,0,0,0,10,10,10,0,13,1
5,5,1,4,14,10,11,1,13,1
4,1,1,4,14,10,11,0,13,1
5,1,0,4,14,10,11,5,15,1
5,1,0,0,15,10,10,0,13,1
5,1,0,4,15,10,10,0,13,1
0,5,0,5,14,11,11,1,5,1
4,1,1,4,15,10,10,0,13,1
5,1,0,4,10,10,10,0,13,1
5,0,0,5,15,10,10,0,15,1
5,0,0,5,14,10,10,0,15,1
4,0,0,5,14,10,10,0,15,1
4,0,1,5,15,11,15,0,13,1
5,1,0,5,14,10,10,5,13,1
5,1,0,5,15,10,10,1,15,1
5,0,1,4,10,11,10,1,15,1
4,5,0,4,10,10,10,1,13,1
5,1,0,4,15,10,10,0,13,1
5,0,1,4,14,11,11,0,15,1
4,5,0,0,14,11,10,0,13,1
4,1,0,0,10,15,11,0,15,1
5,1,5,4,15,10,11,1,5,1
4,1,1,0,10,10,11,0,13,1
5,1,0,0,15,10,10,0,15,1
5,5,1,4,10,10,15,0,15,1
5,1,0,4,14,10,10,0,15,1
5,5,1,0,10,10,10,0,15,1
5,1,0,0,10,10,10,0,15,1
5,1,1,4,15,10,10,5,13,1
4,5,1,4,15,11,11,0,15,1
5,1,1,4,15,15,11,0,13,1
5,0,5,5,15,10,10,1,15,1
4,5,1,4,15,11,11,1,13,1
5,0,0,5,14,10,11,1,15,1
5,0,0,0,14,10,10,0,15,1
5,0,1,5,14,10,10,1,13,1
5,0,1,5,15,15,10,0,13,1
0,1,0,4,10,11,15,0,5,1
4,0,0,0,14,15,15,1,15,1
4,0,0,4,10,11,10,1,15,1
5,1,1,4,15,10,10,1,13,1
5,0,0,4,14,10,11,1,13,1
5,0,1,0,14,10,11,0,15,1
4,1,0,4,14,11,10,0,15,1
5,5,0,5,15,10,10,1,5,1
5,1,0,5,10,11,10,1,13,1
4,5,0,4,14,10,10,1,15,1
5,1,0,4,15,10,10,0,13,1
5,1,0,4,14,10,10,1,15,1
5,1,0,4,14,11,10,1,13,1
5,1,0,0,14,11,11,0,13,1
5,0,1,0,15,10,10,0,15,1
4,0,0,4,15,15,10,5,5,1
5,1,0,4,15,10,15,0,13,1
5,1,0,5,10,10,11,0,13,1
4,5,0,5,15,10,10,1,15,1
5,0,0,5,15,10,10,0,15,1
5,0,0,4,15,11,10,0,5,1
5,0,0,5,15,10,15,1,13,1
5,1,0,4,15,10,10,1,5,1
5,1,0,4,15,10,11,0,15,1
5,0,0,4,15,10,10,0,13,1
5,1,1,5,15,11,11,1,5,1
5,5,0,4,14,15,10,1,5,1
4,1,0,0,15,11,10,5,5,1
4,0,0,4,15,10,11,0,15,1
4,1,0,0,14,11,11,0,13,1
4,1,1,4,14,10,15,1,15,1
4,1,0,0,14,11,11,1,5,1
0,5,1,0,10,15,11,1,15,1
4,0,0,5,14,10,10,0,15,1
5,5,0,5,14,11,10,1,13,1
5,0,0,0,14,10,10,1,15,1
5,1,0,0,14,10,11,5,5,1
5,0,0,4,15,11,10,0,13,1
5,5,0,5,14,10,11,0,13,1
5,1,0,4,15,11,10,1,13,1
5,1,0,0,14,10,10,0,15,1
5,1,0,4,15,10,10,0,15,1
5,1,0,5,15,10,10,0,13,1
5,0,0,0,15,10,10,1,5,1
5,1,1,5,15,15,10,0,15,1
4,0,0,5,14,10,11,0,13,1
4,0,0,0,15,10,10,0,13,1
5,0,1,4,14,11,10,0,15,1
5,5,1,0,14,11,11,1,15,1
5,1,0,0,14,10,10,1,5,1
0,1,1,0,15,11,15,1,13,1
4,1,0,4,15,11,15,1,13,1
5,0,0,4,15,10,11,5,5,1
5,0,0,4,15,10,11,1,13,1
5,5,0,4,15,10,10,0,15,1
5,5,0,4,14,10,10,1,13,1
5,0,0,4,15,10,10,0,15,1
5,5,0,4,15,11,10,0,15,1
5,5,0,4,15,10,10,1,15,1
5,0,0,5,14,11,10,0,5,1
5,0,5,4,15,10,10,0,15,1
5,0,1,4,14,10,11,0,15,1
5,1,0,0,15,10,11,0,15,1
5,1,1,5,10,10,10,0,15,1
5,5,1,0,10,11,10,0,15,1
4,0,1,0,10,10,10,0,15,1
5,5,1,5,15,11,10,1,13,1
5,5,0,4,14,11,10,0,15,1
5,0,1,0,10,15,10,0,15,1
5,5,0,5,15,10,10,0,15,1
5,1,0,5,10,11,10,0,15,1
5,1,1,4,14,10,10,1,15,1
4,0,0,0,14,11,11,1,15,1
5,0,0,5,15,10,11,1,5,1
5,5,0,0,14,10,10,0,15,1
5,1,0,4,15,10,10,1,13,1
5,1,0,4,15,10,10,0,15,1
5,1,0,4,15,11,11,0,13,1
5,0,0,0,10,10,10,0,13,1
5,1,0,5,15,10,10,0,15,1
5,5,0,4,15,10,11,5,15,1
4,0,0,4,14,15,11,1,13,1
5,0,1,5,14,11,10,0,13,1
5,1,1,4,15,11,11,1,15,1
4,0,0,4,14,10,11,1,13,1
5,0,0,0,15,10,10,5,5,1
5,0,0,0,15,11,10,0,13,1
5,1,1,0,10,10,10,0,15,1
4,1,0,4,15,10,11,5,5,1
4,0,0,4,15,10,10,1,13,1
4,5,0,0,14,11,11,0,13,1
5,0,0,5,15,10,11,1,13,1
5,0,1,4,15,11,10,0,15,1
4,1,0,4,10,11,10,0,15,1
5,5,0,4,14,10,10,0,13,1
4,5,1,0,10,15,10,0,13,1
5,1,1,4,14,10,11,1,15,1
5,0,0,0,14,10,10,0,15,1
5,1,0,4,15,10,10,1,15,1
4,1,0,5,15,10,10,0,15,1
5,5,1,4,15,10,11,1,13,1
5,0,0,4,10,11,10,1,15,1
4,1,0,5,15,10,11,0,15,1
5,1,0,4,15,10,10,1,15,1
4,0,1,4,15,11,10,0,15,1
4,0,0,5,14,10,10,1,13,1
5,1,0,4,15,11,11,1,5,1
5,0,1,5,15,10,10,0,15,1
4,0,1,4,14,10,10,1,15,1
5,1,0,4,14,11,11,0,15,1
5,0,0,4,15,10,10,0,13,1
5,1,0,4,15,10,10,0,13,1
5,1,1,4,10,10,10,0,15,1
5,0,0,4,14,10,10,0,15,1
5,0,0,5,14,10,10,0,13,1
4,0,0,4,15,10,10,0,15,1
5,0,0,4,15,10,15,1,5,1
5,0,1,5,14,10,10,0,15,1
5,1,0,0,14,10,10,0,15,1
5,0,0,5,15,10,10,1,15,1
4,1,0,4,15,10,10,0,15,1
5,1,0,4,14,10,10,0,15,1
0,0,1,0,14,11,10,0,15,1
5,1,0,5,15,10,10,0,13,1
4,1,0,5,14,10,10,1,5,1
5,0,0,4,14,11,10,1,15,1
0,0,1,0,15,10,10,1,13,1
5,1,1,5,10,10,10,1,15,1
5,0,0,5,14,11,10,0,5,1
5,1,0,4,14,10,10,0,13,1
5,1,1,4,15,11,10,1,15,1
5,1,1,4,14,10,10,0,13,1
5,0,0,4,15,15,10,0,5,1
4,0,0,4,15,11,15,0,15,1
5,0,0,0,15,11,10,0,15,1
5,5,0,0,15,11,10,0,15,1
4,1,1,5,14,11,10,1,13,1
5,1,5,4,10,10,10,1,13,1
4,0,0,5,15,10,11,0,13,1
4,5,0,4,14,10,11,0,15,1
5,0,1,4,15,10,10,5,13,1
4,5,0,0,14,10,11,1,13,1
5,1,0,4,15,10,11,0,15,1
5,0,0,5,15,10,11,0,15,1
5,1,0,4,15,11,11,0,15,1
0,1,1,0,10,11,15,0,15,1
4,0,0,4,14,11,10,1,15,1
4,1,0,4,10,10,10,0,13,1
5,5,0,4,15,11,11,0,13,1
5,0,1,4,15,10,10,0,13,1
5,1,0,4,15,10,10,0,13,1
5,0,1,4,14,10,11,0,15,1
5,5,0,4,15,10,10,1,15,1
4,1,1,4,10,10,10,0,13,1
0,5,0,4,14,11,11,1,13,1
5,1,1,4,15,10,10,1,13,1
5,1,1,0,15,11,11,0,13,1
5,1,0,4,10,11,11,0,13,1
5,0,0,4,15,11,10,1,13,1
5,0,0,5,14,10,10,1,5,1
4,0,0,4,14,11,10,0,5,1
5,0,0,5,15,10,10,0,15,1
5,0,0,0,14,10,10,0,13,1
5,0,0,4,15,10,10,5,13,1
5,0,1,5,15,10,11,0,15,1
5,0,0,4,14,11,10,0,15,1
5,1,1,5,15,10,10,5,15,1
4,1,0,4,15,10,11,1,13,1
5,0,0,5,15,11,10,0,15,1
5,1,0,4,14,10,10,0,5,1
4,1,0,4,15,11,11,0,13,1
5,1,0,0,15,10,11,0,15,1
0,1,0,4,15,10,11,0,13,1
5,0,0,5,15,10,10,0,13,1
5,1,1,4,14,10,11,0,5,1
5,1,0,5,15,10,10,0,13,1
5,1,0,5,15,10,10,1,13,1
5,1,0,4,14,10,10,0,13,1
4,1,0,4,14,11,10,0,15,1
4,1,1,5,14,11,10,1,15,1
4,0,0,4,14,10,15,1,13,1
5,1,1,0,14,11,11,1,15,1
5,0,0,5,14,10,10,0,13,1
5,1,0,4,10,15,11,0,13,1
5,1,0,4,15,11,10,0,15,1
4,0,1,4,14,10,10,0,15,1
5,5,1,4,10,11,10,0,13,1
5,1,0,4,14,10,11,1,13,1
4,1,5,4,14,11,11,0,15,1
5,5,0,4,15,10,10,1,13,1
4,5,0,4,14,11,11,0,13,1
4,0,0,4,15,11,10,1,5,1
5,1,0,0,14,11,10,0,13,1
4,1,0,4,14,10,11,0,13,1
5,1,0,4,15,10,11,0,15,1
5,0,1,5,14,11,10,1,13,1
4,0,0,5,15,11,10,0,15,1
5,1,0,4,15,10,10,1,13,1
4,1,0,0,14,11,11,1,5,1
4,1,0,5,15,10,11,0,15,1
5,0,0,5,15,11,11,1,13,1
5,1,1,4,14,15,10,0,15,1
4,1,1,4,14,10,11,1,13,1
5,0,0,5,15,11,10,0,15,1
5,1,0,5,14,10,10,1,15,1
5,5,0,4,14,10,10,0,15,1
5,0,1,5,15,10,10,0,15,1
4,5,0,4,14,10,10,1,13,1
5,0,1,5,15,10,10,1,13,1
4,0,1,4,15,10,11,0,15,1
4,1,0,4,15,11,11,1,15,1
5,1,0,4,14,11,10,0,15,1
5,1,1,4,10,10,10,1,13,1
5,1,0,4,14,10,11,0,15,1
4,1,1,5,10,10,11,1,5,1
